,len,PUNCT,AUX,X,ADV,PART,CCONJ,NOUN,SCONJ,VERB,ADP,PROPN,PRON,NUM,ADJ,advmod:emph,obl:arg,aux,flat,nsubj,root,advcl,mark,det,csubj,xcomp,obl,nmod,advcl:cmpr,cc,nsubj:pass,discourse,csubj:pass,acl,expl:pass,amod,nummod,conj,appos,case,xcomp:pred,aux:pass,advmod:neg,cop,obj,ccomp,fixed,acl:relcl,advmod,orphan,punct
0,2378,0.022287636669470142,0.031118587047939444,0.00042052144659377626,0.08200168208578637,0.01471825063078217,0.05803195962994113,0.19554247266610597,0.054667788057190914,0.19764507989907484,0.06854499579478554,0.006307821698906644,0.1417157275021026,0.010933557611438183,0.06013456686291001,0.015138772077375946,0.03700588730025231,0.00042052144659377626,0.0,0.060555088309503784,0.02060555088309504,0.0567703952901598,0.06181665264928511,0.06097560975609756,0.0054667788057190915,0.04373423044575273,0.07485281749369217,0.045416316232127836,0.00042052144659377626,0.05761143818334735,0.01892346509671993,0.0008410428931875525,0.001682085786375105,0.014297729184188394,0.0,0.03490328006728343,0.009251471825063078,0.06013456686291001,0.00042052144659377626,0.06307821698906645,0.0021026072329688814,0.014297729184188394,0.0037846930193439865,0.01682085786375105,0.07695542472666106,0.019764507989907486,0.0,0.026492851135407905,0.07359125315391085,0.0008410428931875525,0.021026072329688814
1,2884,0.019070735090152564,0.03259361997226075,0.0006934812760055479,0.07489597780859916,0.018030513176144243,0.05235783633841886,0.21081830790568654,0.049237170596393896,0.18828016643550624,0.0731622746185853,0.005894590846047157,0.1355755894590846,0.012482662968099861,0.0717753120665742,0.015603328710124827,0.03744798890429958,0.0,0.0024271844660194173,0.05617198335644938,0.018030513176144243,0.06067961165048544,0.05166435506241331,0.05894590846047157,0.0076282940360610264,0.03814147018030513,0.08529819694868239,0.05547850208044383,0.0,0.053744798890429955,0.0239251040221914,0.0024271844660194173,0.0010402219140083217,0.012135922330097087,0.00034674063800277393,0.0478502080443828,0.010055478502080445,0.052704576976421634,0.0,0.07108183079056865,0.0010402219140083217,0.015256588072122053,0.0034674063800277394,0.015603328710124827,0.06726768377253814,0.02115117891816921,0.0006934812760055479,0.025312066574202496,0.06865464632454923,0.0,0.01872399445214979
