,len,PUNCT,AUX,ADV,PART,CCONJ,NOUN,SCONJ,VERB,ADP,PROPN,PRON,NUM,ADJ,advmod:emph,obl:arg,flat,nsubj,root,advcl,mark,det,advcl:pred,csubj,xcomp,obl,nmod,cc,nsubj:pass,discourse,csubj:pass,acl,expl:pass,amod,nummod,conj,appos,case,xcomp:pred,aux:pass,advmod:neg,cop,obj,ccomp,fixed,acl:relcl,advmod,orphan,punct
0,1219,0.03937653814602133,0.018867924528301886,0.05824446267432322,0.013125512715340444,0.06972928630024611,0.2469237079573421,0.03691550451189499,0.1911402789171452,0.06890894175553733,0.009023789991796555,0.11977030352748154,0.003281378178835111,0.07054963084495489,0.015586546349466776,0.03937653814602133,0.0016406890894175555,0.07136997538966366,0.03691550451189499,0.03281378178835111,0.044298605414273995,0.06726825266611977,0.0,0.009023789991796555,0.026251025430680888,0.08531583264971287,0.05578342904019688,0.06562756357670221,0.018867924528301886,0.0016406890894175555,0.004922067268252666,0.011484823625922888,0.0,0.044298605414273995,0.003281378178835111,0.07136997538966366,0.0008203445447087777,0.06480721903199343,0.0008203445447087777,0.008203445447087777,0.0008203445447087777,0.011484823625922888,0.06890894175553733,0.01804757998359311,0.002461033634126333,0.02543068088597211,0.052502050861361775,0.0,0.03855619360131255
1,1209,0.03722084367245657,0.02977667493796526,0.07196029776674938,0.013234077750206782,0.05624483043837883,0.2456575682382134,0.03143093465674111,0.1588089330024814,0.07444168734491315,0.007444168734491315,0.10587262200165426,0.005789909015715467,0.08767576509511993,0.01488833746898263,0.026468155500413565,0.0016542597187758478,0.062034739454094295,0.03722084367245657,0.03556658395368073,0.036393713813068655,0.076095947063689,0.0008271298593879239,0.007444168734491315,0.018196856906534328,0.09098428453267163,0.06368899917287014,0.055417700578990904,0.02481389578163772,0.0008271298593879239,0.0008271298593879239,0.017369727047146403,0.0008271298593879239,0.060380479735318446,0.004962779156327543,0.050454921422663356,0.0016542597187758478,0.07196029776674938,0.004962779156327543,0.013234077750206782,0.0033085194375516956,0.014061207609594707,0.060380479735318446,0.016542597187758478,0.0008271298593879239,0.023986765922249794,0.06286186931348221,0.0008271298593879239,0.0380479735318445
