,len,PUNCT,AUX,ADV,PART,CCONJ,NOUN,SCONJ,VERB,ADP,PROPN,PRON,NUM,ADJ,advmod:emph,obl:arg,aux,flat,nsubj,root,advcl,mark,det,csubj,xcomp,obl,nmod,cc,nsubj:pass,discourse,csubj:pass,acl,expl:pass,amod,nummod,conj,case,xcomp:pred,aux:pass,advmod:neg,cop,obj,ccomp,fixed,acl:relcl,advmod,orphan,punct
0,1358,0.035346097201767304,0.0390279823269514,0.061855670103092786,0.012518409425625921,0.07511045655375552,0.20029455081001474,0.0625920471281296,0.19366715758468336,0.06774668630338733,0.0007363770250368188,0.12665684830633284,0.008100147275405008,0.06921944035346098,0.013254786450662739,0.03313696612665685,0.0007363770250368188,0.0014727540500736377,0.060382916053019146,0.03460972017673049,0.05817378497790869,0.07363770250368189,0.05228276877761414,0.008100147275405008,0.04050073637702504,0.07363770250368189,0.04197349042709867,0.07290132547864507,0.022091310751104567,0.0007363770250368188,0.0014727540500736377,0.020618556701030927,0.0014727540500736377,0.027245949926362298,0.0029455081001472753,0.07069219440353461,0.060382916053019146,0.0014727540500736377,0.011782032400589101,0.0014727540500736377,0.019882179675994108,0.06332842415316642,0.017673048600883652,0.0014727540500736377,0.019882179675994108,0.05522827687776141,0.0007363770250368188,0.03460972017673049
1,1564,0.030051150895140665,0.04028132992327366,0.07672634271099744,0.01278772378516624,0.062020460358056265,0.19501278772378516,0.052429667519181586,0.21611253196930946,0.055626598465473145,0.0012787723785166241,0.13810741687979539,0.00639386189258312,0.06841432225063938,0.017263427109974423,0.0370843989769821,0.0,0.0012787723785166241,0.0639386189258312,0.02877237851662404,0.049232736572890026,0.05690537084398977,0.04859335038363171,0.010230179028132993,0.058184143222506396,0.0748081841432225,0.04156010230179028,0.06010230179028133,0.021099744245524295,0.0006393861892583121,0.005754475703324808,0.013427109974424553,0.0006393861892583121,0.034526854219948847,0.0025575447570332483,0.05946291560102302,0.053069053708439895,0.007033248081841432,0.012148337595907928,0.0019181585677749361,0.026854219948849106,0.06521739130434782,0.02237851662404092,0.0019181585677749361,0.029411764705882353,0.0639386189258312,0.0,0.030051150895140665
