,len,PUNCT,AUX,ADV,PART,CCONJ,NOUN,SCONJ,VERB,ADP,PROPN,PRON,NUM,ADJ,advmod:emph,obl:arg,flat,conj:expl,nsubj,root,advcl,mark,det,advcl:pred,csubj,xcomp,obl,nmod,cc,nsubj:pass,discourse,csubj:pass,acl,expl:pass,amod,nummod,conj,case,xcomp:pred,aux:pass,advmod:neg,cop,obj,ccomp,fixed,acl:relcl,advmod,punct
0,777,0.06435006435006435,0.032175032175032175,0.08494208494208494,0.014157014157014158,0.04247104247104247,0.1866151866151866,0.04633204633204633,0.1891891891891892,0.06048906048906049,0.009009009009009009,0.14157014157014158,0.01673101673101673,0.059202059202059204,0.019305019305019305,0.04504504504504504,0.0,0.001287001287001287,0.0682110682110682,0.06306306306306306,0.05019305019305019,0.047619047619047616,0.059202059202059204,0.0,0.011583011583011582,0.03474903474903475,0.06563706563706563,0.05405405405405406,0.04504504504504504,0.02059202059202059,0.002574002574002574,0.001287001287001287,0.006435006435006435,0.001287001287001287,0.02445302445302445,0.011583011583011582,0.03474903474903475,0.059202059202059204,0.002574002574002574,0.010296010296010296,0.0,0.019305019305019305,0.05791505791505792,0.02445302445302445,0.001287001287001287,0.02574002574002574,0.07078507078507079,0.06048906048906049
1,642,0.07476635514018691,0.037383177570093455,0.07476635514018691,0.01557632398753894,0.04361370716510903,0.2102803738317757,0.03582554517133956,0.17445482866043613,0.07165109034267912,0.003115264797507788,0.13707165109034267,0.010903426791277258,0.06542056074766354,0.014018691588785047,0.03426791277258567,0.003115264797507788,0.0,0.07476635514018691,0.0763239875389408,0.048286604361370715,0.037383177570093455,0.045171339563862926,0.001557632398753894,0.004672897196261682,0.020249221183800622,0.0794392523364486,0.05451713395638629,0.04361370716510903,0.028037383177570093,0.003115264797507788,0.0,0.006230529595015576,0.0,0.028037383177570093,0.004672897196261682,0.04205607476635514,0.07009345794392523,0.0,0.017133956386292833,0.001557632398753894,0.014018691588785047,0.06230529595015576,0.01557632398753894,0.0,0.03271028037383177,0.06386292834890965,0.07320872274143302
