,len,PUNCT,AUX,ADV,PART,CCONJ,NOUN,SCONJ,VERB,ADP,PROPN,PRON,NUM,ADJ,advmod:emph,obl:arg,flat,nsubj,root,advcl,mark,det,csubj,xcomp,obl,nmod,cc,nsubj:pass,discourse,csubj:pass,acl,expl:pass,amod,nummod,conj,appos,case,xcomp:pred,aux:pass,advmod:neg,cop,obj,ccomp,acl:relcl,advmod,punct
0,1303,0.03683806600153492,0.039907904834996163,0.056024558710667687,0.009976976208749041,0.07367613200306984,0.2417498081350729,0.04144282425172678,0.18112049117421336,0.07674597083653108,0.009976976208749041,0.0997697620874904,0.013046815042210284,0.06907137375287797,0.012279355333844973,0.043745203376822715,0.0030698388334612432,0.051419800460475826,0.03453568687643899,0.0498848810437452,0.047582501918649274,0.052187260168841135,0.003837298541826554,0.01918649270913277,0.07521105141980046,0.05372217958557176,0.07444359171143515,0.03607060629316961,0.0023023791250959325,0.0015349194167306216,0.013814274750575594,0.0,0.04911742133537989,0.010744435917114352,0.06600153491941672,0.0007674597083653108,0.07060629316960859,0.0030698388334612432,0.024558710667689946,0.0023023791250959325,0.010744435917114352,0.059861857252494245,0.016116653875671526,0.02762854950115119,0.047582501918649274,0.03607060629316961
1,1253,0.03750997605746209,0.035115722266560255,0.07342378292098962,0.009577015163607342,0.055865921787709494,0.2202713487629689,0.03671189146049481,0.19553072625698323,0.07023144453312051,0.007980845969672785,0.1189146049481245,0.010375099760574621,0.07661612130885874,0.019952114924181964,0.0335195530726257,0.0015961691939345571,0.060654429369513166,0.035913806863527534,0.04229848363926576,0.04229848363926576,0.053471667996807665,0.004788507581803671,0.03112529928172386,0.08140462889066241,0.05107741420590583,0.05985634477254589,0.040702314445331206,0.0031923383878691143,0.0023942537909018356,0.0223463687150838,0.0015961691939345571,0.04389465283320032,0.007980845969672785,0.05187549880287311,0.0,0.06863527533918595,0.006384676775738229,0.02154828411811652,0.0023942537909018356,0.013567438148443736,0.05506783719074222,0.025538707102952914,0.028731045490822026,0.04948124501197127,0.03671189146049481
