,len,PUNCT,AUX,ADV,PART,CCONJ,NOUN,SCONJ,VERB,ADP,PROPN,PRON,NUM,ADJ,advmod:emph,obl:arg,flat,nsubj,root,advcl,mark,det,advcl:pred,csubj,xcomp,obl,nmod,cc,nsubj:pass,discourse,csubj:pass,acl,amod,nummod,conj,case,xcomp:pred,aux:pass,advmod:neg,cop,obj,ccomp,fixed,acl:relcl,advmod,orphan,punct
0,1041,0.049951969260326606,0.03170028818443804,0.09798270893371758,0.011527377521613832,0.069164265129683,0.2026897214217099,0.043227665706051875,0.18059558117195004,0.052833813640730067,0.0,0.11239193083573487,0.01440922190201729,0.07300672430355427,0.01921229586935639,0.029779058597502402,0.0,0.069164265129683,0.043227665706051875,0.04514889529298751,0.05091258405379443,0.0643611911623439,0.0019212295869356388,0.009606147934678195,0.024975984630163303,0.07108549471661864,0.037463976945244955,0.07108549471661864,0.023054755043227664,0.0038424591738712775,0.0009606147934678194,0.012487992315081652,0.04418828049951969,0.008645533141210375,0.0643611911623439,0.05091258405379443,0.0009606147934678194,0.013448607108549471,0.0009606147934678194,0.01825168107588857,0.049951969260326606,0.01633045148895293,0.0019212295869356388,0.026897214217098942,0.07684918347742556,0.0009606147934678194,0.04707012487992315
1,1103,0.04261106074342702,0.038077969174977334,0.07978241160471441,0.019945602901178604,0.0643699002719855,0.23753399818676338,0.0371713508612874,0.15049864007252947,0.04895738893925657,0.0009066183136899365,0.11876699909338169,0.011786038077969175,0.0770625566636446,0.022665457842248413,0.038077969174977334,0.003626473254759746,0.0770625566636446,0.04079782411604715,0.03626473254759746,0.038077969174977334,0.0770625566636446,0.0,0.009972801450589302,0.017225747960108794,0.07796917497733455,0.05349048050770626,0.0643699002719855,0.016319129646418858,0.003626473254759746,0.0027198549410698096,0.017225747960108794,0.043517679057116954,0.004533091568449683,0.05893019038984588,0.04895738893925657,0.0009066183136899365,0.011786038077969175,0.001813236627379873,0.02085222121486854,0.06799637352674524,0.015412511332728921,0.001813236627379873,0.017225747960108794,0.06708975521305531,0.0,0.04261106074342702
