,len,PUNCT,AUX,ADV,PART,CCONJ,NOUN,SCONJ,VERB,ADP,PROPN,PRON,NUM,ADJ,advmod:emph,obl:arg,flat,nsubj,root,advcl,mark,det,advcl:pred,csubj,xcomp,obl,nmod,cc,nsubj:pass,discourse,csubj:pass,acl,expl:pass,amod,nummod,conj,appos,case,xcomp:pred,aux:pass,advmod:neg,cop,obj,ccomp,fixed,acl:relcl,advmod,punct
0,1690,0.03254437869822485,0.02544378698224852,0.05029585798816568,0.017159763313609466,0.051479289940828406,0.2272189349112426,0.05325443786982249,0.18461538461538463,0.06745562130177515,0.0029585798816568047,0.12485207100591716,0.009467455621301775,0.09053254437869822,0.010059171597633136,0.02485207100591716,0.0017751479289940828,0.07869822485207101,0.031360946745562134,0.058579881656804736,0.05798816568047337,0.06449704142011835,0.0,0.004142011834319527,0.027810650887573965,0.08224852071005917,0.06153846153846154,0.05207100591715976,0.021301775147928994,0.002366863905325444,0.001183431952662722,0.020118343195266272,0.0,0.05680473372781065,0.007100591715976331,0.05325443786982249,0.000591715976331361,0.06153846153846154,0.004142011834319527,0.011834319526627219,0.0029585798816568047,0.01301775147928994,0.06627218934911243,0.020118343195266272,0.0017751479289940828,0.016568047337278107,0.051479289940828406,0.03195266272189349
1,1779,0.027543563799887576,0.02304665542439573,0.05227655986509275,0.02304665542439573,0.054525014052838675,0.2917369308600337,0.04440697020798201,0.15964024732996066,0.061832490163012926,0.002810567734682406,0.08544125913434514,0.008431703204047217,0.0865654862282181,0.01517706576728499,0.03147835862844295,0.0022484541877459247,0.0657672849915683,0.027543563799887576,0.05396290050590219,0.050590219224283306,0.08600337268128162,0.0005621135469364812,0.006745362563237774,0.02417088251826869,0.09106239460370995,0.06745362563237774,0.05227655986509275,0.021922428330522766,0.003372681281618887,0.0005621135469364812,0.01854974704890388,0.0011242270938729624,0.0567734682405846,0.005621135469364812,0.05508712759977515,0.0005621135469364812,0.05789769533445756,0.002810567734682406,0.011242270938729624,0.008993816750983699,0.012366498032602586,0.06913996627318718,0.010680157391793142,0.0011242270938729624,0.012928611579539067,0.04665542439572794,0.027543563799887576
