,len,PUNCT,AUX,X,ADV,PART,CCONJ,NOUN,SCONJ,VERB,ADP,PROPN,PRON,NUM,ADJ,advmod:emph,obl:arg,flat,nsubj,root,advcl,mark,det,csubj,xcomp,obl,nmod,advcl:cmpr,cc,nsubj:pass,discourse,csubj:pass,acl,amod,nummod,conj,case,xcomp:pred,aux:pass,advmod:neg,cop,obj,ccomp,acl:relcl,advmod,orphan,punct
0,786,0.062340966921119595,0.020356234096692113,0.001272264631043257,0.06743002544529263,0.01653944020356234,0.035623409669211195,0.25318066157760816,0.047073791348600506,0.2099236641221374,0.05089058524173028,0.005089058524173028,0.08524173027989822,0.007633587786259542,0.089058524173028,0.008905852417302799,0.03307888040712468,0.0,0.058524173027989825,0.05979643765903308,0.04961832061068702,0.047073791348600506,0.047073791348600506,0.007633587786259542,0.029262086513994912,0.0737913486005089,0.05216284987277354,0.001272264631043257,0.04071246819338423,0.035623409669211195,0.0,0.003816793893129771,0.017811704834605598,0.058524173027989825,0.007633587786259542,0.035623409669211195,0.047073791348600506,0.001272264631043257,0.008905852417302799,0.0,0.008905852417302799,0.08142493638676845,0.029262086513994912,0.019083969465648856,0.07124681933842239,0.002544529262086514,0.062340966921119595
1,1176,0.041666666666666664,0.017006802721088437,0.0,0.05357142857142857,0.021258503401360544,0.050170068027210885,0.25170068027210885,0.04336734693877551,0.19642857142857142,0.06462585034013606,0.005952380952380952,0.11904761904761904,0.003401360544217687,0.07482993197278912,0.005952380952380952,0.041666666666666664,0.0008503401360544217,0.061224489795918366,0.039965986394557826,0.039965986394557826,0.04591836734693878,0.061224489795918366,0.011904761904761904,0.039965986394557826,0.07482993197278912,0.05952380952380952,0.0,0.050170068027210885,0.02465986394557823,0.0008503401360544217,0.002551020408163265,0.016156462585034014,0.050170068027210885,0.0017006802721088435,0.04846938775510204,0.06037414965986394,0.00510204081632653,0.004251700680272109,0.002551020408163265,0.011054421768707483,0.0858843537414966,0.02295918367346939,0.027210884353741496,0.06207482993197279,0.0,0.04081632653061224
