,len,PUNCT,AUX,ADV,PART,CCONJ,NOUN,SCONJ,VERB,ADP,PROPN,PRON,NUM,ADJ,advmod:emph,obl:arg,aux,flat,nsubj,root,advcl,mark,det,advcl:pred,csubj,xcomp,obl,nmod,cc,nsubj:pass,discourse,csubj:pass,acl,expl:pass,amod,nummod,conj,case,xcomp:pred,aux:pass,advmod:neg,cop,obj,ccomp,fixed,acl:relcl,advmod,orphan,punct
0,1150,0.04173913043478261,0.036521739130434785,0.06956521739130435,0.013043478260869565,0.07304347826086957,0.2408695652173913,0.06608695652173913,0.17565217391304347,0.0391304347826087,0.013043478260869565,0.09391304347826086,0.00782608695652174,0.08695652173913043,0.011304347826086957,0.02782608695652174,0.0008695652173913044,0.0017391304347826088,0.08869565217391304,0.0391304347826087,0.05391304347826087,0.07130434782608695,0.04608695652173913,0.0,0.00782608695652174,0.028695652173913042,0.04695652173913043,0.059130434782608696,0.07043478260869565,0.028695652173913042,0.0,0.0034782608695652175,0.01391304347826087,0.0017391304347826088,0.04869565217391304,0.0034782608695652175,0.058260869565217394,0.03739130434782609,0.00608695652173913,0.008695652173913044,0.0017391304347826088,0.026956521739130435,0.05652173913043478,0.02,0.0008695652173913044,0.020869565217391306,0.06782608695652174,0.0008695652173913044,0.04
1,1430,0.03636363636363636,0.032867132867132866,0.07762237762237763,0.008391608391608392,0.06363636363636363,0.22657342657342658,0.05314685314685315,0.1888111888111888,0.05244755244755245,0.008391608391608392,0.11258741258741259,0.009790209790209791,0.08811188811188811,0.012587412587412588,0.03776223776223776,0.0,0.0006993006993006993,0.08671328671328671,0.033566433566433566,0.05384615384615385,0.05874125874125874,0.044755244755244755,0.0006993006993006993,0.005594405594405594,0.046153846153846156,0.06293706293706294,0.05174825174825175,0.06293706293706294,0.02097902097902098,0.002097902097902098,0.002797202797202797,0.014685314685314685,0.0006993006993006993,0.04685314685314685,0.006293706293706294,0.06713286713286713,0.04965034965034965,0.0013986013986013986,0.006293706293706294,0.002097902097902098,0.023776223776223775,0.05314685314685315,0.016083916083916083,0.0,0.025874125874125874,0.06643356643356643,0.0,0.03496503496503497
