,len,PUNCT,AUX,ADV,PART,CCONJ,NOUN,SCONJ,VERB,ADP,PROPN,PRON,NUM,ADJ,advmod:emph,obl:arg,flat,nsubj,root,advcl,mark,det,csubj,xcomp,obl,nmod,cc,nsubj:pass,discourse,csubj:pass,acl,expl:pass,amod,nummod,conj,case,xcomp:pred,aux:pass,advmod:neg,cop,obj,ccomp,fixed,acl:relcl,advmod,orphan,punct
0,690,0.06521739130434782,0.03768115942028986,0.07391304347826087,0.020289855072463767,0.030434782608695653,0.22753623188405797,0.050724637681159424,0.20434782608695654,0.04927536231884058,0.0014492753623188406,0.09710144927536232,0.011594202898550725,0.08405797101449275,0.015942028985507246,0.036231884057971016,0.0014492753623188406,0.06666666666666667,0.06666666666666667,0.057971014492753624,0.05217391304347826,0.042028985507246375,0.007246376811594203,0.036231884057971016,0.0782608695652174,0.04492753623188406,0.030434782608695653,0.01884057971014493,0.002898550724637681,0.002898550724637681,0.020289855072463767,0.0,0.0463768115942029,0.007246376811594203,0.020289855072463767,0.0463768115942029,0.002898550724637681,0.011594202898550725,0.0,0.021739130434782608,0.07971014492753623,0.021739130434782608,0.0,0.01884057971014493,0.07536231884057971,0.0014492753623188406,0.06521739130434782
1,698,0.06446991404011461,0.0329512893982808,0.06876790830945559,0.015759312320916905,0.02005730659025788,0.2177650429799427,0.06017191977077364,0.20057306590257878,0.055873925501432664,0.004297994269340974,0.10315186246418338,0.008595988538681949,0.08595988538681948,0.0057306590257879654,0.03151862464183381,0.0028653295128939827,0.07163323782234957,0.06446991404011461,0.0659025787965616,0.06160458452722063,0.06160458452722063,0.011461318051575931,0.022922636103151862,0.06017191977077364,0.04154727793696275,0.022922636103151862,0.025787965616045846,0.004297994269340974,0.0014326647564469914,0.01862464183381089,0.0014326647564469914,0.05157593123209169,0.0057306590257879654,0.011461318051575931,0.054441260744985676,0.0071633237822349575,0.01002865329512894,0.004297994269340974,0.022922636103151862,0.08022922636103152,0.027220630372492838,0.0014326647564469914,0.01862464183381089,0.06017191977077364,0.004297994269340974,0.06446991404011461
