,len,PUNCT,AUX,ADV,PART,CCONJ,NOUN,SCONJ,VERB,ADP,PROPN,PRON,NUM,ADJ,advmod:emph,obl:arg,flat,nsubj,root,advcl,mark,det,csubj,xcomp,obl,nmod,advcl:cmpr,cc,nsubj:pass,discourse,csubj:pass,acl,expl:pass,amod,nummod,conj,appos,case,xcomp:pred,aux:pass,advmod:neg,cop,obj,ccomp,fixed,acl:relcl,advmod,orphan,punct
0,1104,0.041666666666666664,0.030797101449275364,0.07336956521739131,0.01358695652173913,0.058876811594202896,0.22010869565217392,0.04619565217391304,0.20108695652173914,0.06068840579710145,0.006340579710144928,0.1213768115942029,0.008152173913043478,0.06974637681159421,0.020833333333333332,0.04528985507246377,0.004528985507246377,0.06159420289855073,0.04076086956521739,0.05434782608695652,0.04619565217391304,0.050724637681159424,0.005434782608695652,0.04076086956521739,0.07971014492753623,0.041666666666666664,0.0,0.058876811594202896,0.02717391304347826,0.002717391304347826,0.0009057971014492754,0.019927536231884056,0.0009057971014492754,0.042572463768115944,0.004528985507246377,0.06340579710144928,0.0,0.059782608695652176,0.006340579710144928,0.010869565217391304,0.004528985507246377,0.016304347826086956,0.059782608695652176,0.01177536231884058,0.0009057971014492754,0.019021739130434784,0.05615942028985507,0.0,0.041666666666666664
1,1062,0.044256120527306965,0.03766478342749529,0.06779661016949153,0.026365348399246705,0.044256120527306965,0.2137476459510358,0.059322033898305086,0.19491525423728814,0.04896421845574388,0.00847457627118644,0.1318267419962335,0.004708097928436911,0.07909604519774012,0.0160075329566855,0.025423728813559324,0.01224105461393597,0.0856873822975518,0.0423728813559322,0.05367231638418079,0.05743879472693032,0.04143126177024482,0.004708097928436911,0.04048964218455744,0.07627118644067797,0.044256120527306965,0.0009416195856873823,0.046139359698681735,0.014124293785310734,0.0018832391713747645,0.003766478342749529,0.0160075329566855,0.0,0.054613935969868174,0.003766478342749529,0.03954802259887006,0.0009416195856873823,0.05084745762711865,0.004708097928436911,0.015065913370998116,0.002824858757062147,0.01977401129943503,0.060263653483992465,0.01694915254237288,0.0018832391713747645,0.030131826741996232,0.0696798493408663,0.0009416195856873823,0.04519774011299435
