,len,PUNCT,AUX,ADV,PART,CCONJ,NOUN,SCONJ,VERB,ADP,PROPN,PRON,NUM,ADJ,advmod:emph,obl:arg,aux,flat,nsubj,root,advcl,mark,det,csubj,xcomp,obl,nmod,cc,nsubj:pass,discourse,csubj:pass,acl,amod,nummod,conj,case,xcomp:pred,aux:pass,advmod:neg,cop,obj,ccomp,acl:relcl,advmod,orphan,punct
0,748,0.06149732620320856,0.034759358288770054,0.07620320855614973,0.014705882352941176,0.03609625668449198,0.2393048128342246,0.03609625668449198,0.1804812834224599,0.058823529411764705,0.004010695187165776,0.12032085561497326,0.013368983957219251,0.09090909090909091,0.013368983957219251,0.03074866310160428,0.001336898395721925,0.001336898395721925,0.07352941176470588,0.06016042780748663,0.045454545454545456,0.0374331550802139,0.03342245989304813,0.016042780748663103,0.02540106951871658,0.0748663101604278,0.0481283422459893,0.03877005347593583,0.02406417112299465,0.001336898395721925,0.0,0.013368983957219251,0.06550802139037433,0.0053475935828877,0.0374331550802139,0.05748663101604278,0.004010695187165776,0.013368983957219251,0.004010695187165776,0.017379679144385027,0.08689839572192513,0.020053475935828877,0.022727272727272728,0.06550802139037433,0.001336898395721925,0.06016042780748663
1,874,0.05148741418764302,0.03546910755148741,0.059496567505720827,0.021739130434782608,0.03546910755148741,0.2562929061784897,0.04462242562929062,0.1945080091533181,0.05034324942791762,0.008009153318077803,0.09038901601830664,0.014874141876430207,0.08237986270022883,0.012585812356979404,0.021739130434782608,0.0,0.002288329519450801,0.06979405034324943,0.05148741418764302,0.057208237986270026,0.04691075514874142,0.05377574370709382,0.010297482837528604,0.02288329519450801,0.08924485125858124,0.04691075514874142,0.03546910755148741,0.034324942791762014,0.002288329519450801,0.002288329519450801,0.017162471395881007,0.05377574370709382,0.003432494279176201,0.04004576659038902,0.04919908466819222,0.002288329519450801,0.012585812356979404,0.003432494279176201,0.020594965675057208,0.07665903890160183,0.028604118993135013,0.019450800915331808,0.06178489702517163,0.0,0.05148741418764302
