,len,PUNCT,AUX,ADV,PART,CCONJ,NOUN,SCONJ,VERB,ADP,PROPN,PRON,NUM,ADJ,advmod:emph,obl:arg,flat,nsubj,root,advcl,mark,det,advcl:pred,csubj,xcomp,obl,nmod,advcl:cmpr,cc,nsubj:pass,discourse,csubj:pass,acl,amod,nummod,conj,case,xcomp:pred,aux:pass,advmod:neg,cop,obj,ccomp,fixed,acl:relcl,advmod,orphan,punct
0,1174,0.03833049403747871,0.036626916524701875,0.049403747870528106,0.01192504258943782,0.065587734241908,0.2495741056218058,0.03321976149914821,0.18057921635434412,0.065587734241908,0.002555366269165247,0.10902896081771721,0.007666098807495741,0.09369676320272573,0.005110732538330494,0.03236797274275979,0.0017035775127768314,0.065587734241908,0.03833049403747871,0.03747870528109029,0.03747870528109029,0.056218057921635436,0.0,0.004258943781942078,0.04088586030664395,0.06303236797274275,0.06984667802385008,0.0,0.065587734241908,0.04258943781942078,0.0,0.0034071550255536627,0.02129471890971039,0.05536626916524702,0.004258943781942078,0.05877342419080068,0.06132879045996593,0.004258943781942078,0.018739352640545145,0.0034071550255536627,0.018739352640545145,0.05792163543441227,0.01788756388415673,0.0,0.024701873935264053,0.05025553662691652,0.0008517887563884157,0.03833049403747871
1,1173,0.03836317135549872,0.030690537084398978,0.05370843989769821,0.01278772378516624,0.06308610400682012,0.24722932651321397,0.026427962489343565,0.18329070758738278,0.058823529411764705,0.005115089514066497,0.11764705882352941,0.008525149190110827,0.09718670076726342,0.011935208866155157,0.03836317135549872,0.0008525149190110827,0.06308610400682012,0.03836317135549872,0.030690537084398978,0.03410059676044331,0.059676044330775786,0.0017050298380221654,0.0076726342710997444,0.03324808184143223,0.0733162830349531,0.06479113384484228,0.0008525149190110827,0.0639386189258312,0.03410059676044331,0.0008525149190110827,0.0025575447570332483,0.017902813299232736,0.060528559249786874,0.0068201193520886615,0.05541346973572037,0.05285592497868713,0.0034100596760443308,0.017902813299232736,0.0025575447570332483,0.011082693947144074,0.0784313725490196,0.021312872975277068,0.0008525149190110827,0.0247229326513214,0.04774083546462063,0.0,0.03836317135549872
